id_contrato,parcela,fundo,data_referencia,valor_presente_fundo
CTR000001,1,FACIO 3 FUNDO DE INVESTIMENTO EM DIREITOS CREDITÓRIOS FINANCEIROS DE RESPONSABILIDADE LIMITADA,2026-06-30,66.9
CTR000002,1,FACIO 4 FUNDO DE INVESTIMENTO EM DIREITOS CREDITÓRIOS FINANCEIROS DE RESPONSABILIDADE LIMITADA,2026-06-30,72.90104512
CTR000003,1,FACIO 4 FUNDO DE INVESTIMENTO EM DIREITOS CREDITÓRIOS FINANCEIROS DE RESPONSABILIDADE LIMITADA,2026-06-30,421.82
CTR000004,1,FACIO 4 FUNDO DE INVESTIMENTO EM DIREITOS CREDITÓRIOS FINANCEIROS DE RESPONSABILIDADE LIMITADA,2026-06-30,152.9
CTR000005,1,FACIO 4 FUNDO DE INVESTIMENTO EM DIREITOS CREDITÓRIOS FINANCEIROS DE RESPONSABILIDADE LIMITADA,2026-06-30,119.90204584
CTR000006,1,FACIO 4 FUNDO DE INVESTIMENTO EM DIREITOS CREDITÓRIOS FINANCEIROS DE RESPONSABILIDADE LIMITADA,2026-06-30,71.9
CTR000007,1,FACIO 4 FUNDO DE INVESTIMENTO EM DIREITOS CREDITÓRIOS FINANCEIROS DE RESPONSABILIDADE LIMITADA,2026-06-30,272.06811036
CTR000008,1,FACIO 4 FUNDO DE INVESTIMENTO EM DIREITOS CREDITÓRIOS FINANCEIROS DE RESPONSABILIDADE LIMITADA,2026-06-30,92.78888782
CTR000009,1,FACIO 3 FUNDO DE INVESTIMENTO EM DIREITOS CREDITÓRIOS FINANCEIROS DE RESPONSABILIDADE LIMITADA,2026-06-30,66.9
CTR000010,1,FACIO 4 FUNDO DE INVESTIMENTO EM DIREITOS CREDITÓRIOS FINANCEIROS DE RESPONSABILIDADE LIMITADA,2026-06-30,63.22156899
CTR000011,1,FACIO 4 FUNDO DE INVESTIMENTO EM DIREITOS CREDITÓRIOS FINANCEIROS DE RESPONSABILIDADE LIMITADA,2026-06-30,65.76
CTR000012,1,FACIO 4 FUNDO DE INVESTIMENTO EM DIREITOS CREDITÓRIOS FINANCEIROS DE RESPONSABILIDADE LIMITADA,2026-06-30,227.72230833
CTR000013,1,FACIO 4 FUNDO DE INVESTIMENTO EM DIREITOS CREDITÓRIOS FINANCEIROS DE RESPONSABILIDADE LIMITADA,2026-06-30,410.42915573
CTR000014,1,FACIO 4 FUNDO DE INVESTIMENTO EM DIREITOS CREDITÓRIOS FINANCEIROS DE RESPONSABILIDADE LIMITADA,2026-06-30,165.00338063
CTR000015,1,FACIO 4 FUNDO DE INVESTIMENTO EM DIREITOS CREDITÓRIOS FINANCEIROS DE RESPONSABILIDADE LIMITADA,2026-06-30,61.04326744
CTR000016,1,FACIO 4 FUNDO DE INVESTIMENTO EM DIREITOS CREDITÓRIOS FINANCEIROS DE RESPONSABILIDADE LIMITADA,2026-06-30,114.46754507
CTR000017,1,FACIO 4 FUNDO DE INVESTIMENTO EM DIREITOS CREDITÓRIOS FINANCEIROS DE RESPONSABILIDADE LIMITADA,2026-06-30,148.47
CTR000018,1,FACIO 4 FUNDO DE INVESTIMENTO EM DIREITOS CREDITÓRIOS FINANCEIROS DE RESPONSABILIDADE LIMITADA,2026-06-30,374.9
CTR000019,1,FACIO 4 FUNDO DE INVESTIMENTO EM DIREITOS CREDITÓRIOS FINANCEIROS DE RESPONSABILIDADE LIMITADA,2026-06-30,264.47804744
CTR000020,1,FACIO 4 FUNDO DE INVESTIMENTO EM DIREITOS CREDITÓRIOS FINANCEIROS DE RESPONSABILIDADE LIMITADA,2026-06-30,216.9
CTR000021,1,FACIO 4 FUNDO DE INVESTIMENTO EM DIREITOS CREDITÓRIOS FINANCEIROS DE RESPONSABILIDADE LIMITADA,2026-06-30,272.56379808
CTR000022,1,FACIO 3 FUNDO DE INVESTIMENTO EM DIREITOS CREDITÓRIOS FINANCEIROS DE RESPONSABILIDADE LIMITADA,2026-06-30,198.56829299
CTR000023,1,FACIO 4 FUNDO DE INVESTIMENTO EM DIREITOS CREDITÓRIOS FINANCEIROS DE RESPONSABILIDADE LIMITADA,2026-06-30,559.9
CTR000024,1,FACIO 4 FUNDO DE INVESTIMENTO EM DIREITOS CREDITÓRIOS FINANCEIROS DE RESPONSABILIDADE LIMITADA,2026-06-30,331.89017689
CTR000025,1,FACIO 4 FUNDO DE INVESTIMENTO EM DIREITOS CREDITÓRIOS FINANCEIROS DE RESPONSABILIDADE LIMITADA,2026-06-30,254.80588689
CTR000026,1,FACIO 4 FUNDO DE INVESTIMENTO EM DIREITOS CREDITÓRIOS FINANCEIROS DE RESPONSABILIDADE LIMITADA,2026-06-30,86.9
CTR000027,1,FACIO 4 FUNDO DE INVESTIMENTO EM DIREITOS CREDITÓRIOS FINANCEIROS DE RESPONSABILIDADE LIMITADA,2026-06-30,293.9
CTR000028,1,FACIO 4 FUNDO DE INVESTIMENTO EM DIREITOS CREDITÓRIOS FINANCEIROS DE RESPONSABILIDADE LIMITADA,2026-06-30,111.08
CTR000029,1,FACIO 4 FUNDO DE INVESTIMENTO EM DIREITOS CREDITÓRIOS FINANCEIROS DE RESPONSABILIDADE LIMITADA,2026-06-30,348.31189985
CTR000030,1,FACIO 4 FUNDO DE INVESTIMENTO EM DIREITOS CREDITÓRIOS FINANCEIROS DE RESPONSABILIDADE LIMITADA,2026-06-30,216.15728923
CTR000031,1,FACIO 4 FUNDO DE INVESTIMENTO EM DIREITOS CREDITÓRIOS FINANCEIROS DE RESPONSABILIDADE LIMITADA,2026-06-30,145.9
CTR000032,1,FACIO 4 FUNDO DE INVESTIMENTO EM DIREITOS CREDITÓRIOS FINANCEIROS DE RESPONSABILIDADE LIMITADA,2026-06-30,241.36
CTR000033,1,FACIO 4 FUNDO DE INVESTIMENTO EM DIREITOS CREDITÓRIOS FINANCEIROS DE RESPONSABILIDADE LIMITADA,2026-06-30,119.86905965
CTR000034,1,FACIO 3 FUNDO DE INVESTIMENTO EM DIREITOS CREDITÓRIOS FINANCEIROS DE RESPONSABILIDADE LIMITADA,2026-06-30,66.9
CTR000035,1,FACIO 4 FUNDO DE INVESTIMENTO EM DIREITOS CREDITÓRIOS FINANCEIROS DE RESPONSABILIDADE LIMITADA,2026-06-30,77.25885283
CTR000036,1,FACIO 4 FUNDO DE INVESTIMENTO EM DIREITOS CREDITÓRIOS FINANCEIROS DE RESPONSABILIDADE LIMITADA,2026-06-30,70.93472159
CTR000037,1,FACIO 4 FUNDO DE INVESTIMENTO EM DIREITOS CREDITÓRIOS FINANCEIROS DE RESPONSABILIDADE LIMITADA,2026-06-30,54.25461189
CTR000038,1,FACIO 4 FUNDO DE INVESTIMENTO EM DIREITOS CREDITÓRIOS FINANCEIROS DE RESPONSABILIDADE LIMITADA,2026-06-30,170.97128893
CTR000039,1,FACIO 3 FUNDO DE INVESTIMENTO EM DIREITOS CREDITÓRIOS FINANCEIROS DE RESPONSABILIDADE LIMITADA,2026-06-30,112.9
CTR000040,1,FACIO 4 FUNDO DE INVESTIMENTO EM DIREITOS CREDITÓRIOS FINANCEIROS DE RESPONSABILIDADE LIMITADA,2026-06-30,432.90746145
CTR000041,1,FACIO 3 FUNDO DE INVESTIMENTO EM DIREITOS CREDITÓRIOS FINANCEIROS DE RESPONSABILIDADE LIMITADA,2026-06-30,55.66
CTR000042,1,FACIO 3 FUNDO DE INVESTIMENTO EM DIREITOS CREDITÓRIOS FINANCEIROS DE RESPONSABILIDADE LIMITADA,2026-06-30,188.1
CTR000043,1,FACIO 3 FUNDO DE INVESTIMENTO EM DIREITOS CREDITÓRIOS FINANCEIROS DE RESPONSABILIDADE LIMITADA,2026-06-30,66.9
CTR000044,1,FACIO 4 FUNDO DE INVESTIMENTO EM DIREITOS CREDITÓRIOS FINANCEIROS DE RESPONSABILIDADE LIMITADA,2026-06-30,66.9
CTR000045,1,FACIO 4 FUNDO DE INVESTIMENTO EM DIREITOS CREDITÓRIOS FINANCEIROS DE RESPONSABILIDADE LIMITADA,2026-06-30,357.80855383
CTR000046,1,FACIO 4 FUNDO DE INVESTIMENTO EM DIREITOS CREDITÓRIOS FINANCEIROS DE RESPONSABILIDADE LIMITADA,2026-06-30,249.9
CTR000047,1,FACIO 4 FUNDO DE INVESTIMENTO EM DIREITOS CREDITÓRIOS FINANCEIROS DE RESPONSABILIDADE LIMITADA,2026-06-30,292.85528469
CTR000048,1,FACIO 4 FUNDO DE INVESTIMENTO EM DIREITOS CREDITÓRIOS FINANCEIROS DE RESPONSABILIDADE LIMITADA,2026-06-30,147.9
CTR000049,1,FACIO 4 FUNDO DE INVESTIMENTO EM DIREITOS CREDITÓRIOS FINANCEIROS DE RESPONSABILIDADE LIMITADA,2026-06-30,50.64
CTR000050,1,FACIO 4 FUNDO DE INVESTIMENTO EM DIREITOS CREDITÓRIOS FINANCEIROS DE RESPONSABILIDADE LIMITADA,2026-06-30,200.18
CTR000051,1,FACIO 4 FUNDO DE INVESTIMENTO EM DIREITOS CREDITÓRIOS FINANCEIROS DE RESPONSABILIDADE LIMITADA,2026-06-30,264.9
CTR000052,1,FACIO 4 FUNDO DE INVESTIMENTO EM DIREITOS CREDITÓRIOS FINANCEIROS DE RESPONSABILIDADE LIMITADA,2026-06-30,228.10113927
CTR000053,1,FACIO 4 FUNDO DE INVESTIMENTO EM DIREITOS CREDITÓRIOS FINANCEIROS DE RESPONSABILIDADE LIMITADA,2026-06-30,250.43
CTR000054,1,FACIO 4 FUNDO DE INVESTIMENTO EM DIREITOS CREDITÓRIOS FINANCEIROS DE RESPONSABILIDADE LIMITADA,2026-06-30,123.7550893
CTR000055,1,FACIO 4 FUNDO DE INVESTIMENTO EM DIREITOS CREDITÓRIOS FINANCEIROS DE RESPONSABILIDADE LIMITADA,2026-06-30,141.36542693
CTR000056,1,FACIO 3 FUNDO DE INVESTIMENTO EM DIREITOS CREDITÓRIOS FINANCEIROS DE RESPONSABILIDADE LIMITADA,2026-06-30,66.9
CTR000057,1,FACIO 4 FUNDO DE INVESTIMENTO EM DIREITOS CREDITÓRIOS FINANCEIROS DE RESPONSABILIDADE LIMITADA,2026-06-30,66.6708133
CTR000058,1,FACIO 4 FUNDO DE INVESTIMENTO EM DIREITOS CREDITÓRIOS FINANCEIROS DE RESPONSABILIDADE LIMITADA,2026-06-30,871.76668372
CTR000059,1,FACIO 4 FUNDO DE INVESTIMENTO EM DIREITOS CREDITÓRIOS FINANCEIROS DE RESPONSABILIDADE LIMITADA,2026-06-30,250.9
CTR000060,1,FACIO 4 FUNDO DE INVESTIMENTO EM DIREITOS CREDITÓRIOS FINANCEIROS DE RESPONSABILIDADE LIMITADA,2026-06-30,194.9
CTR000061,1,FACIO 4 FUNDO DE INVESTIMENTO EM DIREITOS CREDITÓRIOS FINANCEIROS DE RESPONSABILIDADE LIMITADA,2026-06-30,132.9
CTR000062,1,FACIO 4 FUNDO DE INVESTIMENTO EM DIREITOS CREDITÓRIOS FINANCEIROS DE RESPONSABILIDADE LIMITADA,2026-06-30,138.07
CTR000063,1,FACIO 4 FUNDO DE INVESTIMENTO EM DIREITOS CREDITÓRIOS FINANCEIROS DE RESPONSABILIDADE LIMITADA,2026-06-30,66.65
CTR000064,1,FACIO 4 FUNDO DE INVESTIMENTO EM DIREITOS CREDITÓRIOS FINANCEIROS DE RESPONSABILIDADE LIMITADA,2026-06-30,107.41535167
CTR000065,1,FACIO 4 FUNDO DE INVESTIMENTO EM DIREITOS CREDITÓRIOS FINANCEIROS DE RESPONSABILIDADE LIMITADA,2026-06-30,132.9
CTR000066,1,FACIO 3 FUNDO DE INVESTIMENTO EM DIREITOS CREDITÓRIOS FINANCEIROS DE RESPONSABILIDADE LIMITADA,2026-06-30,66.9
CTR000067,1,FACIO 4 FUNDO DE INVESTIMENTO EM DIREITOS CREDITÓRIOS FINANCEIROS DE RESPONSABILIDADE LIMITADA,2026-06-30,336.85114279
CTR000068,1,FACIO 4 FUNDO DE INVESTIMENTO EM DIREITOS CREDITÓRIOS FINANCEIROS DE RESPONSABILIDADE LIMITADA,2026-06-30,266.9
CTR000069,1,FACIO 4 FUNDO DE INVESTIMENTO EM DIREITOS CREDITÓRIOS FINANCEIROS DE RESPONSABILIDADE LIMITADA,2026-06-30,358.49929439
CTR000070,1,FACIO 3 FUNDO DE INVESTIMENTO EM DIREITOS CREDITÓRIOS FINANCEIROS DE RESPONSABILIDADE LIMITADA,2026-06-30,66.9
CTR000071,1,FACIO 4 FUNDO DE INVESTIMENTO EM DIREITOS CREDITÓRIOS FINANCEIROS DE RESPONSABILIDADE LIMITADA,2026-06-30,60.09742272
CTR000072,1,FACIO 4 FUNDO DE INVESTIMENTO EM DIREITOS CREDITÓRIOS FINANCEIROS DE RESPONSABILIDADE LIMITADA,2026-06-30,123.81200865
CTR000073,1,FACIO 4 FUNDO DE INVESTIMENTO EM DIREITOS CREDITÓRIOS FINANCEIROS DE RESPONSABILIDADE LIMITADA,2026-06-30,46.86
CTR000074,1,FACIO 4 FUNDO DE INVESTIMENTO EM DIREITOS CREDITÓRIOS FINANCEIROS DE RESPONSABILIDADE LIMITADA,2026-06-30,125.53725744
CTR000075,1,FACIO 4 FUNDO DE INVESTIMENTO EM DIREITOS CREDITÓRIOS FINANCEIROS DE RESPONSABILIDADE LIMITADA,2026-06-30,268.13086528
CTR000076,1,FACIO 4 FUNDO DE INVESTIMENTO EM DIREITOS CREDITÓRIOS FINANCEIROS DE RESPONSABILIDADE LIMITADA,2026-06-30,117.42458881
CTR000077,1,FACIO 4 FUNDO DE INVESTIMENTO EM DIREITOS CREDITÓRIOS FINANCEIROS DE RESPONSABILIDADE LIMITADA,2026-06-30,52.89108986
CTR000078,1,FACIO 4 FUNDO DE INVESTIMENTO EM DIREITOS CREDITÓRIOS FINANCEIROS DE RESPONSABILIDADE LIMITADA,2026-06-30,51.08037795
CTR000079,1,FACIO 3 FUNDO DE INVESTIMENTO EM DIREITOS CREDITÓRIOS FINANCEIROS DE RESPONSABILIDADE LIMITADA,2026-06-30,64.24825998
CTR000080,1,FACIO 4 FUNDO DE INVESTIMENTO EM DIREITOS CREDITÓRIOS FINANCEIROS DE RESPONSABILIDADE LIMITADA,2026-06-30,328.55
CTR000081,1,FACIO 4 FUNDO DE INVESTIMENTO EM DIREITOS CREDITÓRIOS FINANCEIROS DE RESPONSABILIDADE LIMITADA,2026-06-30,374.9
CTR000082,1,FACIO 4 FUNDO DE INVESTIMENTO EM DIREITOS CREDITÓRIOS FINANCEIROS DE RESPONSABILIDADE LIMITADA,2026-06-30,79.9
CTR000083,1,FACIO 4 FUNDO DE INVESTIMENTO EM DIREITOS CREDITÓRIOS FINANCEIROS DE RESPONSABILIDADE LIMITADA,2026-06-30,167.41
CTR000084,1,FACIO 4 FUNDO DE INVESTIMENTO EM DIREITOS CREDITÓRIOS FINANCEIROS DE RESPONSABILIDADE LIMITADA,2026-06-30,55.66653552
CTR000085,1,FACIO 4 FUNDO DE INVESTIMENTO EM DIREITOS CREDITÓRIOS FINANCEIROS DE RESPONSABILIDADE LIMITADA,2026-06-30,187.34103909
CTR000086,1,FACIO 4 FUNDO DE INVESTIMENTO EM DIREITOS CREDITÓRIOS FINANCEIROS DE RESPONSABILIDADE LIMITADA,2026-06-30,73.07071803
CTR000087,1,FACIO 4 FUNDO DE INVESTIMENTO EM DIREITOS CREDITÓRIOS FINANCEIROS DE RESPONSABILIDADE LIMITADA,2026-06-30,112.9
CTR000088,1,FACIO 3 FUNDO DE INVESTIMENTO EM DIREITOS CREDITÓRIOS FINANCEIROS DE RESPONSABILIDADE LIMITADA,2026-06-30,76.71
CTR000089,1,FACIO 4 FUNDO DE INVESTIMENTO EM DIREITOS CREDITÓRIOS FINANCEIROS DE RESPONSABILIDADE LIMITADA,2026-06-30,120.75
CTR000090,1,FACIO 3 FUNDO DE INVESTIMENTO EM DIREITOS CREDITÓRIOS FINANCEIROS DE RESPONSABILIDADE LIMITADA,2026-06-30,40.98
CTR000091,1,FACIO 4 FUNDO DE INVESTIMENTO EM DIREITOS CREDITÓRIOS FINANCEIROS DE RESPONSABILIDADE LIMITADA,2026-06-30,69.47465823
CTR000092,1,FACIO 4 FUNDO DE INVESTIMENTO EM DIREITOS CREDITÓRIOS FINANCEIROS DE RESPONSABILIDADE LIMITADA,2026-06-30,36.9
CTR000093,1,FACIO 4 FUNDO DE INVESTIMENTO EM DIREITOS CREDITÓRIOS FINANCEIROS DE RESPONSABILIDADE LIMITADA,2026-06-30,396.4192654
CTR000094,1,FACIO 4 FUNDO DE INVESTIMENTO EM DIREITOS CREDITÓRIOS FINANCEIROS DE RESPONSABILIDADE LIMITADA,2026-06-30,90.77739827
CTR000095,1,FACIO 3 FUNDO DE INVESTIMENTO EM DIREITOS CREDITÓRIOS FINANCEIROS DE RESPONSABILIDADE LIMITADA,2026-06-30,46.9
CTR000096,1,FACIO 4 FUNDO DE INVESTIMENTO EM DIREITOS CREDITÓRIOS FINANCEIROS DE RESPONSABILIDADE LIMITADA,2026-06-30,111.08852672
CTR000097,1,FACIO 4 FUNDO DE INVESTIMENTO EM DIREITOS CREDITÓRIOS FINANCEIROS DE RESPONSABILIDADE LIMITADA,2026-06-30,170.01688611
CTR000098,1,FACIO 3 FUNDO DE INVESTIMENTO EM DIREITOS CREDITÓRIOS FINANCEIROS DE RESPONSABILIDADE LIMITADA,2026-06-30,46.9
CTR000099,1,FACIO 4 FUNDO DE INVESTIMENTO EM DIREITOS CREDITÓRIOS FINANCEIROS DE RESPONSABILIDADE LIMITADA,2026-06-30,212.08227767
CTR000100,1,FACIO 4 FUNDO DE INVESTIMENTO EM DIREITOS CREDITÓRIOS FINANCEIROS DE RESPONSABILIDADE LIMITADA,2026-06-30,99.9
CTR000101,1,FACIO 4 FUNDO DE INVESTIMENTO EM DIREITOS CREDITÓRIOS FINANCEIROS DE RESPONSABILIDADE LIMITADA,2026-06-30,119.0503837
CTR000102,1,FACIO 4 FUNDO DE INVESTIMENTO EM DIREITOS CREDITÓRIOS FINANCEIROS DE RESPONSABILIDADE LIMITADA,2026-06-30,66.9
CTR000103,1,FACIO 4 FUNDO DE INVESTIMENTO EM DIREITOS CREDITÓRIOS FINANCEIROS DE RESPONSABILIDADE LIMITADA,2026-06-30,30.66
CTR000104,1,FACIO 3 FUNDO DE INVESTIMENTO EM DIREITOS CREDITÓRIOS FINANCEIROS DE RESPONSABILIDADE LIMITADA,2026-06-30,66.9
CTR000105,1,FACIO 4 FUNDO DE INVESTIMENTO EM DIREITOS CREDITÓRIOS FINANCEIROS DE RESPONSABILIDADE LIMITADA,2026-06-30,63.78300205
CTR000106,1,FACIO 4 FUNDO DE INVESTIMENTO EM DIREITOS CREDITÓRIOS FINANCEIROS DE RESPONSABILIDADE LIMITADA,2026-06-30,145.9
CTR000107,1,FACIO 3 FUNDO DE INVESTIMENTO EM DIREITOS CREDITÓRIOS FINANCEIROS DE RESPONSABILIDADE LIMITADA,2026-06-30,86.74362908
CTR000108,1,FACIO 4 FUNDO DE INVESTIMENTO EM DIREITOS CREDITÓRIOS FINANCEIROS DE RESPONSABILIDADE LIMITADA,2026-06-30,61.00994158
CTR000109,1,FACIO 4 FUNDO DE INVESTIMENTO EM DIREITOS CREDITÓRIOS FINANCEIROS DE RESPONSABILIDADE LIMITADA,2026-06-30,81.06296133
CTR000110,1,FACIO 4 FUNDO DE INVESTIMENTO EM DIREITOS CREDITÓRIOS FINANCEIROS DE RESPONSABILIDADE LIMITADA,2026-06-30,46.31
CTR000111,1,FACIO 4 FUNDO DE INVESTIMENTO EM DIREITOS CREDITÓRIOS FINANCEIROS DE RESPONSABILIDADE LIMITADA,2026-06-30,56.49926777
CTR000112,1,FACIO 4 FUNDO DE INVESTIMENTO EM DIREITOS CREDITÓRIOS FINANCEIROS DE RESPONSABILIDADE LIMITADA,2026-06-30,162.71
CTR000113,1,FACIO 4 FUNDO DE INVESTIMENTO EM DIREITOS CREDITÓRIOS FINANCEIROS DE RESPONSABILIDADE LIMITADA,2026-06-30,81.67875473
CTR000114,1,FACIO 4 FUNDO DE INVESTIMENTO EM DIREITOS CREDITÓRIOS FINANCEIROS DE RESPONSABILIDADE LIMITADA,2026-06-30,112.81
CTR000115,1,FACIO 4 FUNDO DE INVESTIMENTO EM DIREITOS CREDITÓRIOS FINANCEIROS DE RESPONSABILIDADE LIMITADA,2026-06-30,101.90917142
CTR000116,1,FACIO 4 FUNDO DE INVESTIMENTO EM DIREITOS CREDITÓRIOS FINANCEIROS DE RESPONSABILIDADE LIMITADA,2026-06-30,53.6117863
CTR000117,1,FACIO 4 FUNDO DE INVESTIMENTO EM DIREITOS CREDITÓRIOS FINANCEIROS DE RESPONSABILIDADE LIMITADA,2026-06-30,245.53
CTR000118,1,FACIO 4 FUNDO DE INVESTIMENTO EM DIREITOS CREDITÓRIOS FINANCEIROS DE RESPONSABILIDADE LIMITADA,2026-06-30,76.32411212
CTR000119,1,FACIO 4 FUNDO DE INVESTIMENTO EM DIREITOS CREDITÓRIOS FINANCEIROS DE RESPONSABILIDADE LIMITADA,2026-06-30,252.75
CTR000120,1,FACIO 4 FUNDO DE INVESTIMENTO EM DIREITOS CREDITÓRIOS FINANCEIROS DE RESPONSABILIDADE LIMITADA,2026-06-30,58.41038142
CTR000121,1,FACIO 4 FUNDO DE INVESTIMENTO EM DIREITOS CREDITÓRIOS FINANCEIROS DE RESPONSABILIDADE LIMITADA,2026-06-30,302.78
CTR000122,1,FACIO 4 FUNDO DE INVESTIMENTO EM DIREITOS CREDITÓRIOS FINANCEIROS DE RESPONSABILIDADE LIMITADA,2026-06-30,201.95
CTR000123,1,FACIO 4 FUNDO DE INVESTIMENTO EM DIREITOS CREDITÓRIOS FINANCEIROS DE RESPONSABILIDADE LIMITADA,2026-06-30,56.72
CTR000124,1,FACIO 4 FUNDO DE INVESTIMENTO EM DIREITOS CREDITÓRIOS FINANCEIROS DE RESPONSABILIDADE LIMITADA,2026-06-30,113.90354874
CTR000125,1,FACIO 3 FUNDO DE INVESTIMENTO EM DIREITOS CREDITÓRIOS FINANCEIROS DE RESPONSABILIDADE LIMITADA,2026-06-30,66.9
CTR000126,1,FACIO 4 FUNDO DE INVESTIMENTO EM DIREITOS CREDITÓRIOS FINANCEIROS DE RESPONSABILIDADE LIMITADA,2026-06-30,394.45353972
CTR000127,1,FACIO 4 FUNDO DE INVESTIMENTO EM DIREITOS CREDITÓRIOS FINANCEIROS DE RESPONSABILIDADE LIMITADA,2026-06-30,305.45393195
CTR000128,1,FACIO 4 FUNDO DE INVESTIMENTO EM DIREITOS CREDITÓRIOS FINANCEIROS DE RESPONSABILIDADE LIMITADA,2026-06-30,94.18151146
CTR000129,1,FACIO 4 FUNDO DE INVESTIMENTO EM DIREITOS CREDITÓRIOS FINANCEIROS DE RESPONSABILIDADE LIMITADA,2026-06-30,303.86
CTR000130,1,FACIO 4 FUNDO DE INVESTIMENTO EM DIREITOS CREDITÓRIOS FINANCEIROS DE RESPONSABILIDADE LIMITADA,2026-06-30,130.16929315
CTR000131,1,FACIO 4 FUNDO DE INVESTIMENTO EM DIREITOS CREDITÓRIOS FINANCEIROS DE RESPONSABILIDADE LIMITADA,2026-06-30,361.37090068
CTR000132,1,FACIO 4 FUNDO DE INVESTIMENTO EM DIREITOS CREDITÓRIOS FINANCEIROS DE RESPONSABILIDADE LIMITADA,2026-06-30,152.45142681
CTR000133,1,FACIO 4 FUNDO DE INVESTIMENTO EM DIREITOS CREDITÓRIOS FINANCEIROS DE RESPONSABILIDADE LIMITADA,2026-06-30,266.9
CTR000134,1,FACIO 4 FUNDO DE INVESTIMENTO EM DIREITOS CREDITÓRIOS FINANCEIROS DE RESPONSABILIDADE LIMITADA,2026-06-30,39.69543002
CTR000135,1,FACIO 4 FUNDO DE INVESTIMENTO EM DIREITOS CREDITÓRIOS FINANCEIROS DE RESPONSABILIDADE LIMITADA,2026-06-30,174.9
CTR000136,1,FACIO 4 FUNDO DE INVESTIMENTO EM DIREITOS CREDITÓRIOS FINANCEIROS DE RESPONSABILIDADE LIMITADA,2026-06-30,243.36434911
CTR000137,1,FACIO 3 FUNDO DE INVESTIMENTO EM DIREITOS CREDITÓRIOS FINANCEIROS DE RESPONSABILIDADE LIMITADA,2026-06-30,66.9
CTR000138,1,FACIO 4 FUNDO DE INVESTIMENTO EM DIREITOS CREDITÓRIOS FINANCEIROS DE RESPONSABILIDADE LIMITADA,2026-06-30,1028.27790339
CTR000139,1,FACIO 4 FUNDO DE INVESTIMENTO EM DIREITOS CREDITÓRIOS FINANCEIROS DE RESPONSABILIDADE LIMITADA,2026-06-30,273.92201379
CTR000140,1,FACIO 4 FUNDO DE INVESTIMENTO EM DIREITOS CREDITÓRIOS FINANCEIROS DE RESPONSABILIDADE LIMITADA,2026-06-30,54.83413195
CTR000141,1,FACIO 4 FUNDO DE INVESTIMENTO EM DIREITOS CREDITÓRIOS FINANCEIROS DE RESPONSABILIDADE LIMITADA,2026-06-30,625.9
CTR000142,1,FACIO 4 FUNDO DE INVESTIMENTO EM DIREITOS CREDITÓRIOS FINANCEIROS DE RESPONSABILIDADE LIMITADA,2026-06-30,152.9
CTR000143,1,FACIO 4 FUNDO DE INVESTIMENTO EM DIREITOS CREDITÓRIOS FINANCEIROS DE RESPONSABILIDADE LIMITADA,2026-06-30,66.9
CTR000144,1,FACIO 3 FUNDO DE INVESTIMENTO EM DIREITOS CREDITÓRIOS FINANCEIROS DE RESPONSABILIDADE LIMITADA,2026-06-30,66.9
CTR000145,1,FACIO 4 FUNDO DE INVESTIMENTO EM DIREITOS CREDITÓRIOS FINANCEIROS DE RESPONSABILIDADE LIMITADA,2026-06-30,116.75
CTR000146,1,FACIO 4 FUNDO DE INVESTIMENTO EM DIREITOS CREDITÓRIOS FINANCEIROS DE RESPONSABILIDADE LIMITADA,2026-06-30,400.22399042
CTR000147,1,FACIO 4 FUNDO DE INVESTIMENTO EM DIREITOS CREDITÓRIOS FINANCEIROS DE RESPONSABILIDADE LIMITADA,2026-06-30,86.9
CTR000148,1,FACIO 4 FUNDO DE INVESTIMENTO EM DIREITOS CREDITÓRIOS FINANCEIROS DE RESPONSABILIDADE LIMITADA,2026-06-30,119.9
CTR000149,1,FACIO 4 FUNDO DE INVESTIMENTO EM DIREITOS CREDITÓRIOS FINANCEIROS DE RESPONSABILIDADE LIMITADA,2026-06-30,917.50263509
CTR000150,1,FACIO 4 FUNDO DE INVESTIMENTO EM DIREITOS CREDITÓRIOS FINANCEIROS DE RESPONSABILIDADE LIMITADA,2026-06-30,136.84851618
CTR000151,1,FACIO 4 FUNDO DE INVESTIMENTO EM DIREITOS CREDITÓRIOS FINANCEIROS DE RESPONSABILIDADE LIMITADA,2026-06-30,132.9
CTR000152,1,FACIO 4 FUNDO DE INVESTIMENTO EM DIREITOS CREDITÓRIOS FINANCEIROS DE RESPONSABILIDADE LIMITADA,2026-06-30,101.12
CTR000153,1,FACIO 3 FUNDO DE INVESTIMENTO EM DIREITOS CREDITÓRIOS FINANCEIROS DE RESPONSABILIDADE LIMITADA,2026-06-30,125.17648772
CTR000154,1,FACIO 4 FUNDO DE INVESTIMENTO EM DIREITOS CREDITÓRIOS FINANCEIROS DE RESPONSABILIDADE LIMITADA,2026-06-30,333.9
CTR000155,1,FACIO 4 FUNDO DE INVESTIMENTO EM DIREITOS CREDITÓRIOS FINANCEIROS DE RESPONSABILIDADE LIMITADA,2026-06-30,374.9
CTR000156,1,FACIO 3 FUNDO DE INVESTIMENTO EM DIREITOS CREDITÓRIOS FINANCEIROS DE RESPONSABILIDADE LIMITADA,2026-06-30,66.9
CTR000157,1,FACIO 3 FUNDO DE INVESTIMENTO EM DIREITOS CREDITÓRIOS FINANCEIROS DE RESPONSABILIDADE LIMITADA,2026-06-30,81.9
CTR000158,1,FACIO 4 FUNDO DE INVESTIMENTO EM DIREITOS CREDITÓRIOS FINANCEIROS DE RESPONSABILIDADE LIMITADA,2026-06-30,136.4625525
CTR000159,1,FACIO 4 FUNDO DE INVESTIMENTO EM DIREITOS CREDITÓRIOS FINANCEIROS DE RESPONSABILIDADE LIMITADA,2026-06-30,146.64
CTR000160,1,FACIO 4 FUNDO DE INVESTIMENTO EM DIREITOS CREDITÓRIOS FINANCEIROS DE RESPONSABILIDADE LIMITADA,2026-06-30,132.9
CTR000161,1,FACIO 4 FUNDO DE INVESTIMENTO EM DIREITOS CREDITÓRIOS FINANCEIROS DE RESPONSABILIDADE LIMITADA,2026-06-30,234.0719814
CTR000162,1,FACIO 4 FUNDO DE INVESTIMENTO EM DIREITOS CREDITÓRIOS FINANCEIROS DE RESPONSABILIDADE LIMITADA,2026-06-30,63.84042908
CTR000163,1,FACIO 4 FUNDO DE INVESTIMENTO EM DIREITOS CREDITÓRIOS FINANCEIROS DE RESPONSABILIDADE LIMITADA,2026-06-30,35.82337878
CTR000164,1,FACIO 4 FUNDO DE INVESTIMENTO EM DIREITOS CREDITÓRIOS FINANCEIROS DE RESPONSABILIDADE LIMITADA,2026-06-30,123.03404768
CTR000165,1,FACIO 3 FUNDO DE INVESTIMENTO EM DIREITOS CREDITÓRIOS FINANCEIROS DE RESPONSABILIDADE LIMITADA,2026-06-30,66.9
CTR000166,1,FACIO 4 FUNDO DE INVESTIMENTO EM DIREITOS CREDITÓRIOS FINANCEIROS DE RESPONSABILIDADE LIMITADA,2026-06-30,410.37099592
CTR000167,1,FACIO 3 FUNDO DE INVESTIMENTO EM DIREITOS CREDITÓRIOS FINANCEIROS DE RESPONSABILIDADE LIMITADA,2026-06-30,70.76780969
CTR000168,1,FACIO 4 FUNDO DE INVESTIMENTO EM DIREITOS CREDITÓRIOS FINANCEIROS DE RESPONSABILIDADE LIMITADA,2026-06-30,166.94785669
CTR000169,1,FACIO 3 FUNDO DE INVESTIMENTO EM DIREITOS CREDITÓRIOS FINANCEIROS DE RESPONSABILIDADE LIMITADA,2026-06-30,53.56
CTR000170,1,FACIO 4 FUNDO DE INVESTIMENTO EM DIREITOS CREDITÓRIOS FINANCEIROS DE RESPONSABILIDADE LIMITADA,2026-06-30,56.10373067
CTR000171,1,FACIO 4 FUNDO DE INVESTIMENTO EM DIREITOS CREDITÓRIOS FINANCEIROS DE RESPONSABILIDADE LIMITADA,2026-06-30,53.77
CTR000172,1,FACIO 4 FUNDO DE INVESTIMENTO EM DIREITOS CREDITÓRIOS FINANCEIROS DE RESPONSABILIDADE LIMITADA,2026-06-30,566.9
CTR000173,1,FACIO 4 FUNDO DE INVESTIMENTO EM DIREITOS CREDITÓRIOS FINANCEIROS DE RESPONSABILIDADE LIMITADA,2026-06-30,51.1156012
CTR000174,1,FACIO 4 FUNDO DE INVESTIMENTO EM DIREITOS CREDITÓRIOS FINANCEIROS DE RESPONSABILIDADE LIMITADA,2026-06-30,64.54054856
CTR000175,1,FACIO 4 FUNDO DE INVESTIMENTO EM DIREITOS CREDITÓRIOS FINANCEIROS DE RESPONSABILIDADE LIMITADA,2026-06-30,78.0
CTR000176,1,FACIO 4 FUNDO DE INVESTIMENTO EM DIREITOS CREDITÓRIOS FINANCEIROS DE RESPONSABILIDADE LIMITADA,2026-06-30,193.52949195
CTR000177,1,FACIO 3 FUNDO DE INVESTIMENTO EM DIREITOS CREDITÓRIOS FINANCEIROS DE RESPONSABILIDADE LIMITADA,2026-06-30,66.9
CTR000178,1,FACIO 4 FUNDO DE INVESTIMENTO EM DIREITOS CREDITÓRIOS FINANCEIROS DE RESPONSABILIDADE LIMITADA,2026-06-30,341.98703618
CTR000179,1,FACIO 4 FUNDO DE INVESTIMENTO EM DIREITOS CREDITÓRIOS FINANCEIROS DE RESPONSABILIDADE LIMITADA,2026-06-30,109.9158879
CTR000180,1,FACIO 3 FUNDO DE INVESTIMENTO EM DIREITOS CREDITÓRIOS FINANCEIROS DE RESPONSABILIDADE LIMITADA,2026-06-30,62.78416614
CTR000181,1,FACIO 4 FUNDO DE INVESTIMENTO EM DIREITOS CREDITÓRIOS FINANCEIROS DE RESPONSABILIDADE LIMITADA,2026-06-30,151.54
CTR000182,1,FACIO 3 FUNDO DE INVESTIMENTO EM DIREITOS CREDITÓRIOS FINANCEIROS DE RESPONSABILIDADE LIMITADA,2026-06-30,35.6
CTR000183,1,FACIO 4 FUNDO DE INVESTIMENTO EM DIREITOS CREDITÓRIOS FINANCEIROS DE RESPONSABILIDADE LIMITADA,2026-06-30,211.73
CTR000184,1,FACIO 3 FUNDO DE INVESTIMENTO EM DIREITOS CREDITÓRIOS FINANCEIROS DE RESPONSABILIDADE LIMITADA,2026-06-30,57.3
CTR000185,1,FACIO 4 FUNDO DE INVESTIMENTO EM DIREITOS CREDITÓRIOS FINANCEIROS DE RESPONSABILIDADE LIMITADA,2026-06-30,530.44
CTR000186,1,FACIO 4 FUNDO DE INVESTIMENTO EM DIREITOS CREDITÓRIOS FINANCEIROS DE RESPONSABILIDADE LIMITADA,2026-06-30,420.2329385
CTR000187,1,FACIO 4 FUNDO DE INVESTIMENTO EM DIREITOS CREDITÓRIOS FINANCEIROS DE RESPONSABILIDADE LIMITADA,2026-06-30,58.89650472
CTR000188,1,FACIO 4 FUNDO DE INVESTIMENTO EM DIREITOS CREDITÓRIOS FINANCEIROS DE RESPONSABILIDADE LIMITADA,2026-06-30,66.06217395
CTR000189,1,FACIO 4 FUNDO DE INVESTIMENTO EM DIREITOS CREDITÓRIOS FINANCEIROS DE RESPONSABILIDADE LIMITADA,2026-06-30,214.89
CTR000190,1,FACIO 3 FUNDO DE INVESTIMENTO EM DIREITOS CREDITÓRIOS FINANCEIROS DE RESPONSABILIDADE LIMITADA,2026-06-30,49.34
CTR000191,1,FACIO 4 FUNDO DE INVESTIMENTO EM DIREITOS CREDITÓRIOS FINANCEIROS DE RESPONSABILIDADE LIMITADA,2026-06-30,191.61
CTR000192,1,FACIO 3 FUNDO DE INVESTIMENTO EM DIREITOS CREDITÓRIOS FINANCEIROS DE RESPONSABILIDADE LIMITADA,2026-06-30,186.9
CTR000193,1,FACIO 4 FUNDO DE INVESTIMENTO EM DIREITOS CREDITÓRIOS FINANCEIROS DE RESPONSABILIDADE LIMITADA,2026-06-30,233.59981975
CTR000194,1,FACIO 4 FUNDO DE INVESTIMENTO EM DIREITOS CREDITÓRIOS FINANCEIROS DE RESPONSABILIDADE LIMITADA,2026-06-30,563.9
CTR000195,1,FACIO 4 FUNDO DE INVESTIMENTO EM DIREITOS CREDITÓRIOS FINANCEIROS DE RESPONSABILIDADE LIMITADA,2026-06-30,66.9
CTR000196,1,FACIO 4 FUNDO DE INVESTIMENTO EM DIREITOS CREDITÓRIOS FINANCEIROS DE RESPONSABILIDADE LIMITADA,2026-06-30,54.9
CTR000197,1,FACIO 4 FUNDO DE INVESTIMENTO EM DIREITOS CREDITÓRIOS FINANCEIROS DE RESPONSABILIDADE LIMITADA,2026-06-30,206.5
CTR000198,1,FACIO 4 FUNDO DE INVESTIMENTO EM DIREITOS CREDITÓRIOS FINANCEIROS DE RESPONSABILIDADE LIMITADA,2026-06-30,266.9
CTR000199,1,FACIO 4 FUNDO DE INVESTIMENTO EM DIREITOS CREDITÓRIOS FINANCEIROS DE RESPONSABILIDADE LIMITADA,2026-06-30,117.49579836
CTR000200,1,FACIO 4 FUNDO DE INVESTIMENTO EM DIREITOS CREDITÓRIOS FINANCEIROS DE RESPONSABILIDADE LIMITADA,2026-06-30,79.9
