id_contrato,parcela,fundo,data_referencia,valor_presente_fundo,parcela_z,fundo_code,key
CTR000004,1,FACIO 4 FUNDO DE INVESTIMENTO EM DIREITOS CREDITÓRIOS FINANCEIROS DE RESPONSABILIDADE LIMITADA,2026-06-30,152.9,001,FIDC4,CTR000004|001
CTR000009,1,FACIO 3 FUNDO DE INVESTIMENTO EM DIREITOS CREDITÓRIOS FINANCEIROS DE RESPONSABILIDADE LIMITADA,2026-06-30,66.9,001,FIDC3,CTR000009|001
CTR000023,1,FACIO 4 FUNDO DE INVESTIMENTO EM DIREITOS CREDITÓRIOS FINANCEIROS DE RESPONSABILIDADE LIMITADA,2026-06-30,559.9,001,FIDC4,CTR000023|001
CTR000041,1,FACIO 3 FUNDO DE INVESTIMENTO EM DIREITOS CREDITÓRIOS FINANCEIROS DE RESPONSABILIDADE LIMITADA,2026-06-30,55.66,001,FIDC3,CTR000041|001
CTR000044,1,FACIO 4 FUNDO DE INVESTIMENTO EM DIREITOS CREDITÓRIOS FINANCEIROS DE RESPONSABILIDADE LIMITADA,2026-06-30,66.9,001,FIDC4,CTR000044|001
CTR000046,1,FACIO 4 FUNDO DE INVESTIMENTO EM DIREITOS CREDITÓRIOS FINANCEIROS DE RESPONSABILIDADE LIMITADA,2026-06-30,249.9,001,FIDC4,CTR000046|001
CTR000050,1,FACIO 4 FUNDO DE INVESTIMENTO EM DIREITOS CREDITÓRIOS FINANCEIROS DE RESPONSABILIDADE LIMITADA,2026-06-30,200.18,001,FIDC4,CTR000050|001
CTR000056,1,FACIO 3 FUNDO DE INVESTIMENTO EM DIREITOS CREDITÓRIOS FINANCEIROS DE RESPONSABILIDADE LIMITADA,2026-06-30,66.9,001,FIDC3,CTR000056|001
CTR000060,1,FACIO 4 FUNDO DE INVESTIMENTO EM DIREITOS CREDITÓRIOS FINANCEIROS DE RESPONSABILIDADE LIMITADA,2026-06-30,194.9,001,FIDC4,CTR000060|001
CTR000065,1,FACIO 4 FUNDO DE INVESTIMENTO EM DIREITOS CREDITÓRIOS FINANCEIROS DE RESPONSABILIDADE LIMITADA,2026-06-30,132.9,001,FIDC4,CTR000065|001
CTR000073,1,FACIO 4 FUNDO DE INVESTIMENTO EM DIREITOS CREDITÓRIOS FINANCEIROS DE RESPONSABILIDADE LIMITADA,2026-06-30,46.86,001,FIDC4,CTR000073|001
CTR000087,1,FACIO 4 FUNDO DE INVESTIMENTO EM DIREITOS CREDITÓRIOS FINANCEIROS DE RESPONSABILIDADE LIMITADA,2026-06-30,112.9,001,FIDC4,CTR000087|001
CTR000089,1,FACIO 4 FUNDO DE INVESTIMENTO EM DIREITOS CREDITÓRIOS FINANCEIROS DE RESPONSABILIDADE LIMITADA,2026-06-30,120.75,001,FIDC4,CTR000089|001
CTR000095,1,FACIO 3 FUNDO DE INVESTIMENTO EM DIREITOS CREDITÓRIOS FINANCEIROS DE RESPONSABILIDADE LIMITADA,2026-06-30,46.9,001,FIDC3,CTR000095|001
CTR000106,1,FACIO 4 FUNDO DE INVESTIMENTO EM DIREITOS CREDITÓRIOS FINANCEIROS DE RESPONSABILIDADE LIMITADA,2026-06-30,145.9,001,FIDC4,CTR000106|001
CTR000114,1,FACIO 4 FUNDO DE INVESTIMENTO EM DIREITOS CREDITÓRIOS FINANCEIROS DE RESPONSABILIDADE LIMITADA,2026-06-30,112.81,001,FIDC4,CTR000114|001
CTR000123,1,FACIO 4 FUNDO DE INVESTIMENTO EM DIREITOS CREDITÓRIOS FINANCEIROS DE RESPONSABILIDADE LIMITADA,2026-06-30,56.72,001,FIDC4,CTR000123|001
CTR000125,1,FACIO 3 FUNDO DE INVESTIMENTO EM DIREITOS CREDITÓRIOS FINANCEIROS DE RESPONSABILIDADE LIMITADA,2026-06-30,66.9,001,FIDC3,CTR000125|001
CTR000133,1,FACIO 4 FUNDO DE INVESTIMENTO EM DIREITOS CREDITÓRIOS FINANCEIROS DE RESPONSABILIDADE LIMITADA,2026-06-30,266.9,001,FIDC4,CTR000133|001
CTR000141,1,FACIO 4 FUNDO DE INVESTIMENTO EM DIREITOS CREDITÓRIOS FINANCEIROS DE RESPONSABILIDADE LIMITADA,2026-06-30,625.9,001,FIDC4,CTR000141|001
CTR000142,1,FACIO 4 FUNDO DE INVESTIMENTO EM DIREITOS CREDITÓRIOS FINANCEIROS DE RESPONSABILIDADE LIMITADA,2026-06-30,152.9,001,FIDC4,CTR000142|001
CTR000144,1,FACIO 3 FUNDO DE INVESTIMENTO EM DIREITOS CREDITÓRIOS FINANCEIROS DE RESPONSABILIDADE LIMITADA,2026-06-30,66.9,001,FIDC3,CTR000144|001
CTR000154,1,FACIO 4 FUNDO DE INVESTIMENTO EM DIREITOS CREDITÓRIOS FINANCEIROS DE RESPONSABILIDADE LIMITADA,2026-06-30,333.9,001,FIDC4,CTR000154|001
CTR000156,1,FACIO 3 FUNDO DE INVESTIMENTO EM DIREITOS CREDITÓRIOS FINANCEIROS DE RESPONSABILIDADE LIMITADA,2026-06-30,66.9,001,FIDC3,CTR000156|001
CTR000157,1,FACIO 3 FUNDO DE INVESTIMENTO EM DIREITOS CREDITÓRIOS FINANCEIROS DE RESPONSABILIDADE LIMITADA,2026-06-30,81.9,001,FIDC3,CTR000157|001
CTR000165,1,FACIO 3 FUNDO DE INVESTIMENTO EM DIREITOS CREDITÓRIOS FINANCEIROS DE RESPONSABILIDADE LIMITADA,2026-06-30,66.9,001,FIDC3,CTR000165|001
CTR000169,1,FACIO 3 FUNDO DE INVESTIMENTO EM DIREITOS CREDITÓRIOS FINANCEIROS DE RESPONSABILIDADE LIMITADA,2026-06-30,53.56,001,FIDC3,CTR000169|001
CTR000189,1,FACIO 4 FUNDO DE INVESTIMENTO EM DIREITOS CREDITÓRIOS FINANCEIROS DE RESPONSABILIDADE LIMITADA,2026-06-30,214.89,001,FIDC4,CTR000189|001
CTR000190,1,FACIO 3 FUNDO DE INVESTIMENTO EM DIREITOS CREDITÓRIOS FINANCEIROS DE RESPONSABILIDADE LIMITADA,2026-06-30,49.34,001,FIDC3,CTR000190|001
CTR000192,1,FACIO 3 FUNDO DE INVESTIMENTO EM DIREITOS CREDITÓRIOS FINANCEIROS DE RESPONSABILIDADE LIMITADA,2026-06-30,186.9,001,FIDC3,CTR000192|001
CTR000198,1,FACIO 4 FUNDO DE INVESTIMENTO EM DIREITOS CREDITÓRIOS FINANCEIROS DE RESPONSABILIDADE LIMITADA,2026-06-30,266.9,001,FIDC4,CTR000198|001
CTR000202,1,FACIO 3 FUNDO DE INVESTIMENTO EM DIREITOS CREDITÓRIOS FINANCEIROS DE RESPONSABILIDADE LIMITADA,2026-06-30,136.9,001,FIDC3,CTR000202|001
CTR000205,1,FACIO 3 FUNDO DE INVESTIMENTO EM DIREITOS CREDITÓRIOS FINANCEIROS DE RESPONSABILIDADE LIMITADA,2026-06-30,66.9,001,FIDC3,CTR000205|001
CTR000210,1,FACIO 4 FUNDO DE INVESTIMENTO EM DIREITOS CREDITÓRIOS FINANCEIROS DE RESPONSABILIDADE LIMITADA,2026-06-30,224.22,001,FIDC4,CTR000210|001
CTR000218,1,FACIO 4 FUNDO DE INVESTIMENTO EM DIREITOS CREDITÓRIOS FINANCEIROS DE RESPONSABILIDADE LIMITADA,2026-06-30,335.9,001,FIDC4,CTR000218|001
CTR000229,1,FACIO 4 FUNDO DE INVESTIMENTO EM DIREITOS CREDITÓRIOS FINANCEIROS DE RESPONSABILIDADE LIMITADA,2026-06-30,340.9,001,FIDC4,CTR000229|001
CTR000238,1,FACIO 4 FUNDO DE INVESTIMENTO EM DIREITOS CREDITÓRIOS FINANCEIROS DE RESPONSABILIDADE LIMITADA,2026-06-30,266.9,001,FIDC4,CTR000238|001
CTR000243,1,FACIO 4 FUNDO DE INVESTIMENTO EM DIREITOS CREDITÓRIOS FINANCEIROS DE RESPONSABILIDADE LIMITADA,2026-06-30,112.82,001,FIDC4,CTR000243|001
CTR000252,1,FACIO 3 FUNDO DE INVESTIMENTO EM DIREITOS CREDITÓRIOS FINANCEIROS DE RESPONSABILIDADE LIMITADA,2026-06-30,66.9,001,FIDC3,CTR000252|001
CTR000256,1,FACIO 4 FUNDO DE INVESTIMENTO EM DIREITOS CREDITÓRIOS FINANCEIROS DE RESPONSABILIDADE LIMITADA,2026-06-30,26.86,001,FIDC4,CTR000256|001
CTR000264,1,FACIO 3 FUNDO DE INVESTIMENTO EM DIREITOS CREDITÓRIOS FINANCEIROS DE RESPONSABILIDADE LIMITADA,2026-06-30,66.9,001,FIDC3,CTR000264|001
CTR000268,1,FACIO 4 FUNDO DE INVESTIMENTO EM DIREITOS CREDITÓRIOS FINANCEIROS DE RESPONSABILIDADE LIMITADA,2026-06-30,147.9,001,FIDC4,CTR000268|001
CTR000269,1,FACIO 3 FUNDO DE INVESTIMENTO EM DIREITOS CREDITÓRIOS FINANCEIROS DE RESPONSABILIDADE LIMITADA,2026-06-30,66.9,001,FIDC3,CTR000269|001
CTR000271,1,FACIO 3 FUNDO DE INVESTIMENTO EM DIREITOS CREDITÓRIOS FINANCEIROS DE RESPONSABILIDADE LIMITADA,2026-06-30,64.9,001,FIDC3,CTR000271|001
CTR000272,1,FACIO 4 FUNDO DE INVESTIMENTO EM DIREITOS CREDITÓRIOS FINANCEIROS DE RESPONSABILIDADE LIMITADA,2026-06-30,53.36,001,FIDC4,CTR000272|001
CTR000279,1,FACIO 4 FUNDO DE INVESTIMENTO EM DIREITOS CREDITÓRIOS FINANCEIROS DE RESPONSABILIDADE LIMITADA,2026-06-30,266.9,001,FIDC4,CTR000279|001
CTR000281,1,FACIO 3 FUNDO DE INVESTIMENTO EM DIREITOS CREDITÓRIOS FINANCEIROS DE RESPONSABILIDADE LIMITADA,2026-06-30,51.9,001,FIDC3,CTR000281|001
CTR000284,1,FACIO 4 FUNDO DE INVESTIMENTO EM DIREITOS CREDITÓRIOS FINANCEIROS DE RESPONSABILIDADE LIMITADA,2026-06-30,943.9,001,FIDC4,CTR000284|001
CTR000290,1,FACIO 4 FUNDO DE INVESTIMENTO EM DIREITOS CREDITÓRIOS FINANCEIROS DE RESPONSABILIDADE LIMITADA,2026-06-30,233.35,001,FIDC4,CTR000290|001
CTR000297,1,FACIO 4 FUNDO DE INVESTIMENTO EM DIREITOS CREDITÓRIOS FINANCEIROS DE RESPONSABILIDADE LIMITADA,2026-06-30,318.67,001,FIDC4,CTR000297|001
CTR000307,1,FACIO 3 FUNDO DE INVESTIMENTO EM DIREITOS CREDITÓRIOS FINANCEIROS DE RESPONSABILIDADE LIMITADA,2026-06-30,16.9,001,FIDC3,CTR000307|001
CTR000322,1,FACIO 4 FUNDO DE INVESTIMENTO EM DIREITOS CREDITÓRIOS FINANCEIROS DE RESPONSABILIDADE LIMITADA,2026-06-30,281.06,001,FIDC4,CTR000322|001
CTR000328,1,FACIO 4 FUNDO DE INVESTIMENTO EM DIREITOS CREDITÓRIOS FINANCEIROS DE RESPONSABILIDADE LIMITADA,2026-06-30,112.44,001,FIDC4,CTR000328|001
CTR000334,1,FACIO 4 FUNDO DE INVESTIMENTO EM DIREITOS CREDITÓRIOS FINANCEIROS DE RESPONSABILIDADE LIMITADA,2026-06-30,152.9,001,FIDC4,CTR000334|001
CTR000335,1,FACIO 3 FUNDO DE INVESTIMENTO EM DIREITOS CREDITÓRIOS FINANCEIROS DE RESPONSABILIDADE LIMITADA,2026-06-30,61.9,001,FIDC3,CTR000335|001
CTR000349,1,FACIO 3 FUNDO DE INVESTIMENTO EM DIREITOS CREDITÓRIOS FINANCEIROS DE RESPONSABILIDADE LIMITADA,2026-06-30,66.9,001,FIDC3,CTR000349|001
CTR000350,1,FACIO 3 FUNDO DE INVESTIMENTO EM DIREITOS CREDITÓRIOS FINANCEIROS DE RESPONSABILIDADE LIMITADA,2026-06-30,51.82,001,FIDC3,CTR000350|001
CTR000353,1,FACIO 4 FUNDO DE INVESTIMENTO EM DIREITOS CREDITÓRIOS FINANCEIROS DE RESPONSABILIDADE LIMITADA,2026-06-30,325.9,001,FIDC4,CTR000353|001
CTR000358,1,FACIO 4 FUNDO DE INVESTIMENTO EM DIREITOS CREDITÓRIOS FINANCEIROS DE RESPONSABILIDADE LIMITADA,2026-06-30,186.9,001,FIDC4,CTR000358|001
CTR000360,1,FACIO 4 FUNDO DE INVESTIMENTO EM DIREITOS CREDITÓRIOS FINANCEIROS DE RESPONSABILIDADE LIMITADA,2026-06-30,223.9,001,FIDC4,CTR000360|001
CTR000363,1,FACIO 4 FUNDO DE INVESTIMENTO EM DIREITOS CREDITÓRIOS FINANCEIROS DE RESPONSABILIDADE LIMITADA,2026-06-30,36.5,001,FIDC4,CTR000363|001
CTR000376,1,FACIO 3 FUNDO DE INVESTIMENTO EM DIREITOS CREDITÓRIOS FINANCEIROS DE RESPONSABILIDADE LIMITADA,2026-06-30,136.9,001,FIDC3,CTR000376|001
CTR000387,1,FACIO 3 FUNDO DE INVESTIMENTO EM DIREITOS CREDITÓRIOS FINANCEIROS DE RESPONSABILIDADE LIMITADA,2026-06-30,66.9,001,FIDC3,CTR000387|001
CTR000390,1,FACIO 4 FUNDO DE INVESTIMENTO EM DIREITOS CREDITÓRIOS FINANCEIROS DE RESPONSABILIDADE LIMITADA,2026-06-30,86.9,001,FIDC4,CTR000390|001
CTR000397,1,FACIO 4 FUNDO DE INVESTIMENTO EM DIREITOS CREDITÓRIOS FINANCEIROS DE RESPONSABILIDADE LIMITADA,2026-06-30,104.01,001,FIDC4,CTR000397|001
CTR000402,1,FACIO 4 FUNDO DE INVESTIMENTO EM DIREITOS CREDITÓRIOS FINANCEIROS DE RESPONSABILIDADE LIMITADA,2026-06-30,94.96,001,FIDC4,CTR000402|001
CTR000409,1,FACIO 3 FUNDO DE INVESTIMENTO EM DIREITOS CREDITÓRIOS FINANCEIROS DE RESPONSABILIDADE LIMITADA,2026-06-30,199.9,001,FIDC3,CTR000409|001
CTR000413,1,FACIO 4 FUNDO DE INVESTIMENTO EM DIREITOS CREDITÓRIOS FINANCEIROS DE RESPONSABILIDADE LIMITADA,2026-06-30,132.9,001,FIDC4,CTR000413|001
CTR000421,1,FACIO 4 FUNDO DE INVESTIMENTO EM DIREITOS CREDITÓRIOS FINANCEIROS DE RESPONSABILIDADE LIMITADA,2026-06-30,132.9,001,FIDC4,CTR000421|001
CTR000423,1,FACIO 4 FUNDO DE INVESTIMENTO EM DIREITOS CREDITÓRIOS FINANCEIROS DE RESPONSABILIDADE LIMITADA,2026-06-30,102.06,001,FIDC4,CTR000423|001
CTR000424,1,FACIO 4 FUNDO DE INVESTIMENTO EM DIREITOS CREDITÓRIOS FINANCEIROS DE RESPONSABILIDADE LIMITADA,2026-06-30,152.9,001,FIDC4,CTR000424|001
CTR000427,1,FACIO 3 FUNDO DE INVESTIMENTO EM DIREITOS CREDITÓRIOS FINANCEIROS DE RESPONSABILIDADE LIMITADA,2026-06-30,46.08,001,FIDC3,CTR000427|001
CTR000428,1,FACIO 4 FUNDO DE INVESTIMENTO EM DIREITOS CREDITÓRIOS FINANCEIROS DE RESPONSABILIDADE LIMITADA,2026-06-30,206.87,001,FIDC4,CTR000428|001
CTR000431,1,FACIO 4 FUNDO DE INVESTIMENTO EM DIREITOS CREDITÓRIOS FINANCEIROS DE RESPONSABILIDADE LIMITADA,2026-06-30,223.56,001,FIDC4,CTR000431|001
CTR000432,1,FACIO 4 FUNDO DE INVESTIMENTO EM DIREITOS CREDITÓRIOS FINANCEIROS DE RESPONSABILIDADE LIMITADA,2026-06-30,153.77,001,FIDC4,CTR000432|001
CTR000436,1,FACIO 3 FUNDO DE INVESTIMENTO EM DIREITOS CREDITÓRIOS FINANCEIROS DE RESPONSABILIDADE LIMITADA,2026-06-30,151.9,001,FIDC3,CTR000436|001
CTR000440,1,FACIO 4 FUNDO DE INVESTIMENTO EM DIREITOS CREDITÓRIOS FINANCEIROS DE RESPONSABILIDADE LIMITADA,2026-06-30,66.9,001,FIDC4,CTR000440|001
CTR000453,1,FACIO 3 FUNDO DE INVESTIMENTO EM DIREITOS CREDITÓRIOS FINANCEIROS DE RESPONSABILIDADE LIMITADA,2026-06-30,66.9,001,FIDC3,CTR000453|001
CTR000456,1,FACIO 4 FUNDO DE INVESTIMENTO EM DIREITOS CREDITÓRIOS FINANCEIROS DE RESPONSABILIDADE LIMITADA,2026-06-30,249.82,001,FIDC4,CTR000456|001
CTR000459,1,FACIO 3 FUNDO DE INVESTIMENTO EM DIREITOS CREDITÓRIOS FINANCEIROS DE RESPONSABILIDADE LIMITADA,2026-06-30,66.9,001,FIDC3,CTR000459|001
CTR000470,1,FACIO 3 FUNDO DE INVESTIMENTO EM DIREITOS CREDITÓRIOS FINANCEIROS DE RESPONSABILIDADE LIMITADA,2026-06-30,66.9,001,FIDC3,CTR000470|001
CTR000473,1,FACIO 3 FUNDO DE INVESTIMENTO EM DIREITOS CREDITÓRIOS FINANCEIROS DE RESPONSABILIDADE LIMITADA,2026-06-30,66.9,001,FIDC3,CTR000473|001
CTR000482,1,FACIO 3 FUNDO DE INVESTIMENTO EM DIREITOS CREDITÓRIOS FINANCEIROS DE RESPONSABILIDADE LIMITADA,2026-06-30,55.83,001,FIDC3,CTR000482|001
CTR000484,1,FACIO 3 FUNDO DE INVESTIMENTO EM DIREITOS CREDITÓRIOS FINANCEIROS DE RESPONSABILIDADE LIMITADA,2026-06-30,12.42,001,FIDC3,CTR000484|001
CTR000492,1,FACIO 4 FUNDO DE INVESTIMENTO EM DIREITOS CREDITÓRIOS FINANCEIROS DE RESPONSABILIDADE LIMITADA,2026-06-30,79.9,001,FIDC4,CTR000492|001
CTR000496,1,FACIO 4 FUNDO DE INVESTIMENTO EM DIREITOS CREDITÓRIOS FINANCEIROS DE RESPONSABILIDADE LIMITADA,2026-06-30,795.9,001,FIDC4,CTR000496|001
CTR000497,1,FACIO 3 FUNDO DE INVESTIMENTO EM DIREITOS CREDITÓRIOS FINANCEIROS DE RESPONSABILIDADE LIMITADA,2026-06-30,66.9,001,FIDC3,CTR000497|001
CTR000499,1,FACIO 4 FUNDO DE INVESTIMENTO EM DIREITOS CREDITÓRIOS FINANCEIROS DE RESPONSABILIDADE LIMITADA,2026-06-30,306.9,001,FIDC4,CTR000499|001
CTR000500,1,FACIO 4 FUNDO DE INVESTIMENTO EM DIREITOS CREDITÓRIOS FINANCEIROS DE RESPONSABILIDADE LIMITADA,2026-06-30,521.9,001,FIDC4,CTR000500|001
CTR000503,1,FACIO 4 FUNDO DE INVESTIMENTO EM DIREITOS CREDITÓRIOS FINANCEIROS DE RESPONSABILIDADE LIMITADA,2026-06-30,186.9,001,FIDC4,CTR000503|001
CTR000509,1,FACIO 4 FUNDO DE INVESTIMENTO EM DIREITOS CREDITÓRIOS FINANCEIROS DE RESPONSABILIDADE LIMITADA,2026-06-30,186.9,001,FIDC4,CTR000509|001
CTR000516,1,FACIO 3 FUNDO DE INVESTIMENTO EM DIREITOS CREDITÓRIOS FINANCEIROS DE RESPONSABILIDADE LIMITADA,2026-06-30,56.11,001,FIDC3,CTR000516|001
CTR000525,1,FACIO 4 FUNDO DE INVESTIMENTO EM DIREITOS CREDITÓRIOS FINANCEIROS DE RESPONSABILIDADE LIMITADA,2026-06-30,88.9,001,FIDC4,CTR000525|001
CTR000530,1,FACIO 4 FUNDO DE INVESTIMENTO EM DIREITOS CREDITÓRIOS FINANCEIROS DE RESPONSABILIDADE LIMITADA,2026-06-30,174.9,001,FIDC4,CTR000530|001
CTR000532,1,FACIO 3 FUNDO DE INVESTIMENTO EM DIREITOS CREDITÓRIOS FINANCEIROS DE RESPONSABILIDADE LIMITADA,2026-06-30,46.9,001,FIDC3,CTR000532|001
CTR000534,1,FACIO 3 FUNDO DE INVESTIMENTO EM DIREITOS CREDITÓRIOS FINANCEIROS DE RESPONSABILIDADE LIMITADA,2026-06-30,66.9,001,FIDC3,CTR000534|001
CTR000535,1,FACIO 3 FUNDO DE INVESTIMENTO EM DIREITOS CREDITÓRIOS FINANCEIROS DE RESPONSABILIDADE LIMITADA,2026-06-30,66.9,001,FIDC3,CTR000535|001
CTR000537,1,FACIO 3 FUNDO DE INVESTIMENTO EM DIREITOS CREDITÓRIOS FINANCEIROS DE RESPONSABILIDADE LIMITADA,2026-06-30,66.9,001,FIDC3,CTR000537|001
CTR000545,1,FACIO 3 FUNDO DE INVESTIMENTO EM DIREITOS CREDITÓRIOS FINANCEIROS DE RESPONSABILIDADE LIMITADA,2026-06-30,36.63,001,FIDC3,CTR000545|001
CTR000546,1,FACIO 3 FUNDO DE INVESTIMENTO EM DIREITOS CREDITÓRIOS FINANCEIROS DE RESPONSABILIDADE LIMITADA,2026-06-30,56.4,001,FIDC3,CTR000546|001
CTR000559,1,FACIO 4 FUNDO DE INVESTIMENTO EM DIREITOS CREDITÓRIOS FINANCEIROS DE RESPONSABILIDADE LIMITADA,2026-06-30,86.9,001,FIDC4,CTR000559|001
CTR000562,1,FACIO 4 FUNDO DE INVESTIMENTO EM DIREITOS CREDITÓRIOS FINANCEIROS DE RESPONSABILIDADE LIMITADA,2026-06-30,333.9,001,FIDC4,CTR000562|001
CTR000563,1,FACIO 4 FUNDO DE INVESTIMENTO EM DIREITOS CREDITÓRIOS FINANCEIROS DE RESPONSABILIDADE LIMITADA,2026-06-30,132.9,001,FIDC4,CTR000563|001
CTR000568,1,FACIO 4 FUNDO DE INVESTIMENTO EM DIREITOS CREDITÓRIOS FINANCEIROS DE RESPONSABILIDADE LIMITADA,2026-06-30,21.73,001,FIDC4,CTR000568|001
CTR000572,1,FACIO 4 FUNDO DE INVESTIMENTO EM DIREITOS CREDITÓRIOS FINANCEIROS DE RESPONSABILIDADE LIMITADA,2026-06-30,112.9,001,FIDC4,CTR000572|001
CTR000573,1,FACIO 4 FUNDO DE INVESTIMENTO EM DIREITOS CREDITÓRIOS FINANCEIROS DE RESPONSABILIDADE LIMITADA,2026-06-30,56.4,001,FIDC4,CTR000573|001
CTR000576,1,FACIO 4 FUNDO DE INVESTIMENTO EM DIREITOS CREDITÓRIOS FINANCEIROS DE RESPONSABILIDADE LIMITADA,2026-06-30,306.9,001,FIDC4,CTR000576|001
CTR000580,1,FACIO 3 FUNDO DE INVESTIMENTO EM DIREITOS CREDITÓRIOS FINANCEIROS DE RESPONSABILIDADE LIMITADA,2026-06-30,46.9,001,FIDC3,CTR000580|001
CTR000581,1,FACIO 4 FUNDO DE INVESTIMENTO EM DIREITOS CREDITÓRIOS FINANCEIROS DE RESPONSABILIDADE LIMITADA,2026-06-30,93.51,001,FIDC4,CTR000581|001
CTR000586,1,FACIO 4 FUNDO DE INVESTIMENTO EM DIREITOS CREDITÓRIOS FINANCEIROS DE RESPONSABILIDADE LIMITADA,2026-06-30,66.9,001,FIDC4,CTR000586|001
CTR000594,1,FACIO 4 FUNDO DE INVESTIMENTO EM DIREITOS CREDITÓRIOS FINANCEIROS DE RESPONSABILIDADE LIMITADA,2026-06-30,132.9,001,FIDC4,CTR000594|001
CTR000599,1,FACIO 4 FUNDO DE INVESTIMENTO EM DIREITOS CREDITÓRIOS FINANCEIROS DE RESPONSABILIDADE LIMITADA,2026-06-30,449.9,001,FIDC4,CTR000599|001
CTR000600,1,FACIO 4 FUNDO DE INVESTIMENTO EM DIREITOS CREDITÓRIOS FINANCEIROS DE RESPONSABILIDADE LIMITADA,2026-06-30,333.9,001,FIDC4,CTR000600|001
CTR000606,1,FACIO 4 FUNDO DE INVESTIMENTO EM DIREITOS CREDITÓRIOS FINANCEIROS DE RESPONSABILIDADE LIMITADA,2026-06-30,1321.9,001,FIDC4,CTR000606|001
CTR000609,1,FACIO 3 FUNDO DE INVESTIMENTO EM DIREITOS CREDITÓRIOS FINANCEIROS DE RESPONSABILIDADE LIMITADA,2026-06-30,66.9,001,FIDC3,CTR000609|001
CTR000612,1,FACIO 3 FUNDO DE INVESTIMENTO EM DIREITOS CREDITÓRIOS FINANCEIROS DE RESPONSABILIDADE LIMITADA,2026-06-30,120.85,001,FIDC3,CTR000612|001
CTR000626,1,FACIO 4 FUNDO DE INVESTIMENTO EM DIREITOS CREDITÓRIOS FINANCEIROS DE RESPONSABILIDADE LIMITADA,2026-06-30,199.9,001,FIDC4,CTR000626|001
CTR000639,1,FACIO 4 FUNDO DE INVESTIMENTO EM DIREITOS CREDITÓRIOS FINANCEIROS DE RESPONSABILIDADE LIMITADA,2026-06-30,132.9,001,FIDC4,CTR000639|001
CTR000643,1,FACIO 3 FUNDO DE INVESTIMENTO EM DIREITOS CREDITÓRIOS FINANCEIROS DE RESPONSABILIDADE LIMITADA,2026-06-30,46.6,001,FIDC3,CTR000643|001
CTR000649,1,FACIO 3 FUNDO DE INVESTIMENTO EM DIREITOS CREDITÓRIOS FINANCEIROS DE RESPONSABILIDADE LIMITADA,2026-06-30,66.9,001,FIDC3,CTR000649|001
CTR000658,1,FACIO 4 FUNDO DE INVESTIMENTO EM DIREITOS CREDITÓRIOS FINANCEIROS DE RESPONSABILIDADE LIMITADA,2026-06-30,132.9,001,FIDC4,CTR000658|001
CTR000666,1,FACIO 3 FUNDO DE INVESTIMENTO EM DIREITOS CREDITÓRIOS FINANCEIROS DE RESPONSABILIDADE LIMITADA,2026-06-30,56.86,001,FIDC3,CTR000666|001
CTR000668,1,FACIO 4 FUNDO DE INVESTIMENTO EM DIREITOS CREDITÓRIOS FINANCEIROS DE RESPONSABILIDADE LIMITADA,2026-06-30,374.9,001,FIDC4,CTR000668|001
CTR000669,1,FACIO 3 FUNDO DE INVESTIMENTO EM DIREITOS CREDITÓRIOS FINANCEIROS DE RESPONSABILIDADE LIMITADA,2026-06-30,66.9,001,FIDC3,CTR000669|001
CTR000677,1,FACIO 3 FUNDO DE INVESTIMENTO EM DIREITOS CREDITÓRIOS FINANCEIROS DE RESPONSABILIDADE LIMITADA,2026-06-30,66.9,001,FIDC3,CTR000677|001
CTR000678,1,FACIO 4 FUNDO DE INVESTIMENTO EM DIREITOS CREDITÓRIOS FINANCEIROS DE RESPONSABILIDADE LIMITADA,2026-06-30,112.9,001,FIDC4,CTR000678|001
CTR000691,1,FACIO 4 FUNDO DE INVESTIMENTO EM DIREITOS CREDITÓRIOS FINANCEIROS DE RESPONSABILIDADE LIMITADA,2026-06-30,311.9,001,FIDC4,CTR000691|001
CTR000694,1,FACIO 4 FUNDO DE INVESTIMENTO EM DIREITOS CREDITÓRIOS FINANCEIROS DE RESPONSABILIDADE LIMITADA,2026-06-30,293.9,001,FIDC4,CTR000694|001
CTR000699,1,FACIO 3 FUNDO DE INVESTIMENTO EM DIREITOS CREDITÓRIOS FINANCEIROS DE RESPONSABILIDADE LIMITADA,2026-06-30,66.9,001,FIDC3,CTR000699|001
CTR000701,1,FACIO 3 FUNDO DE INVESTIMENTO EM DIREITOS CREDITÓRIOS FINANCEIROS DE RESPONSABILIDADE LIMITADA,2026-06-30,54.28,001,FIDC3,CTR000701|001
CTR000707,1,FACIO 3 FUNDO DE INVESTIMENTO EM DIREITOS CREDITÓRIOS FINANCEIROS DE RESPONSABILIDADE LIMITADA,2026-06-30,66.9,001,FIDC3,CTR000707|001
CTR000717,1,FACIO 3 FUNDO DE INVESTIMENTO EM DIREITOS CREDITÓRIOS FINANCEIROS DE RESPONSABILIDADE LIMITADA,2026-06-30,158.13,001,FIDC3,CTR000717|001
CTR000720,1,FACIO 4 FUNDO DE INVESTIMENTO EM DIREITOS CREDITÓRIOS FINANCEIROS DE RESPONSABILIDADE LIMITADA,2026-06-30,374.9,001,FIDC4,CTR000720|001
CTR000723,1,FACIO 4 FUNDO DE INVESTIMENTO EM DIREITOS CREDITÓRIOS FINANCEIROS DE RESPONSABILIDADE LIMITADA,2026-06-30,72.26,001,FIDC4,CTR000723|001
CTR000732,1,FACIO 3 FUNDO DE INVESTIMENTO EM DIREITOS CREDITÓRIOS FINANCEIROS DE RESPONSABILIDADE LIMITADA,2026-06-30,66.9,001,FIDC3,CTR000732|001
CTR000736,1,FACIO 4 FUNDO DE INVESTIMENTO EM DIREITOS CREDITÓRIOS FINANCEIROS DE RESPONSABILIDADE LIMITADA,2026-06-30,66.9,001,FIDC4,CTR000736|001
CTR000738,1,FACIO 4 FUNDO DE INVESTIMENTO EM DIREITOS CREDITÓRIOS FINANCEIROS DE RESPONSABILIDADE LIMITADA,2026-06-30,374.9,001,FIDC4,CTR000738|001
CTR000742,1,FACIO 3 FUNDO DE INVESTIMENTO EM DIREITOS CREDITÓRIOS FINANCEIROS DE RESPONSABILIDADE LIMITADA,2026-06-30,64.9,001,FIDC3,CTR000742|001
CTR000746,1,FACIO 3 FUNDO DE INVESTIMENTO EM DIREITOS CREDITÓRIOS FINANCEIROS DE RESPONSABILIDADE LIMITADA,2026-06-30,39.29,001,FIDC3,CTR000746|001
CTR000747,1,FACIO 3 FUNDO DE INVESTIMENTO EM DIREITOS CREDITÓRIOS FINANCEIROS DE RESPONSABILIDADE LIMITADA,2026-06-30,66.9,001,FIDC3,CTR000747|001
CTR000751,1,FACIO 3 FUNDO DE INVESTIMENTO EM DIREITOS CREDITÓRIOS FINANCEIROS DE RESPONSABILIDADE LIMITADA,2026-06-30,66.9,001,FIDC3,CTR000751|001
CTR000752,1,FACIO 4 FUNDO DE INVESTIMENTO EM DIREITOS CREDITÓRIOS FINANCEIROS DE RESPONSABILIDADE LIMITADA,2026-06-30,86.9,001,FIDC4,CTR000752|001
CTR000753,1,FACIO 3 FUNDO DE INVESTIMENTO EM DIREITOS CREDITÓRIOS FINANCEIROS DE RESPONSABILIDADE LIMITADA,2026-06-30,66.9,001,FIDC3,CTR000753|001
CTR000754,1,FACIO 4 FUNDO DE INVESTIMENTO EM DIREITOS CREDITÓRIOS FINANCEIROS DE RESPONSABILIDADE LIMITADA,2026-06-30,374.9,001,FIDC4,CTR000754|001
CTR000755,1,FACIO 4 FUNDO DE INVESTIMENTO EM DIREITOS CREDITÓRIOS FINANCEIROS DE RESPONSABILIDADE LIMITADA,2026-06-30,56.86,001,FIDC4,CTR000755|001
CTR000756,1,FACIO 4 FUNDO DE INVESTIMENTO EM DIREITOS CREDITÓRIOS FINANCEIROS DE RESPONSABILIDADE LIMITADA,2026-06-30,120.63,001,FIDC4,CTR000756|001
CTR000762,1,FACIO 3 FUNDO DE INVESTIMENTO EM DIREITOS CREDITÓRIOS FINANCEIROS DE RESPONSABILIDADE LIMITADA,2026-06-30,66.9,001,FIDC3,CTR000762|001
CTR000764,1,FACIO 4 FUNDO DE INVESTIMENTO EM DIREITOS CREDITÓRIOS FINANCEIROS DE RESPONSABILIDADE LIMITADA,2026-06-30,66.9,001,FIDC4,CTR000764|001
CTR000766,1,FACIO 4 FUNDO DE INVESTIMENTO EM DIREITOS CREDITÓRIOS FINANCEIROS DE RESPONSABILIDADE LIMITADA,2026-06-30,152.9,001,FIDC4,CTR000766|001
CTR000767,1,FACIO 3 FUNDO DE INVESTIMENTO EM DIREITOS CREDITÓRIOS FINANCEIROS DE RESPONSABILIDADE LIMITADA,2026-06-30,66.9,001,FIDC3,CTR000767|001
CTR000775,1,FACIO 3 FUNDO DE INVESTIMENTO EM DIREITOS CREDITÓRIOS FINANCEIROS DE RESPONSABILIDADE LIMITADA,2026-06-30,42.82,001,FIDC3,CTR000775|001
CTR000788,1,FACIO 3 FUNDO DE INVESTIMENTO EM DIREITOS CREDITÓRIOS FINANCEIROS DE RESPONSABILIDADE LIMITADA,2026-06-30,186.9,001,FIDC3,CTR000788|001
CTR000791,1,FACIO 3 FUNDO DE INVESTIMENTO EM DIREITOS CREDITÓRIOS FINANCEIROS DE RESPONSABILIDADE LIMITADA,2026-06-30,184.9,001,FIDC3,CTR000791|001
CTR000798,1,FACIO 4 FUNDO DE INVESTIMENTO EM DIREITOS CREDITÓRIOS FINANCEIROS DE RESPONSABILIDADE LIMITADA,2026-06-30,342.36,001,FIDC4,CTR000798|001
CTR000803,1,FACIO 3 FUNDO DE INVESTIMENTO EM DIREITOS CREDITÓRIOS FINANCEIROS DE RESPONSABILIDADE LIMITADA,2026-06-30,66.9,001,FIDC3,CTR000803|001
CTR000804,1,FACIO 4 FUNDO DE INVESTIMENTO EM DIREITOS CREDITÓRIOS FINANCEIROS DE RESPONSABILIDADE LIMITADA,2026-06-30,15.44,001,FIDC4,CTR000804|001
CTR000805,1,FACIO 3 FUNDO DE INVESTIMENTO EM DIREITOS CREDITÓRIOS FINANCEIROS DE RESPONSABILIDADE LIMITADA,2026-06-30,66.9,001,FIDC3,CTR000805|001
CTR000809,1,FACIO 3 FUNDO DE INVESTIMENTO EM DIREITOS CREDITÓRIOS FINANCEIROS DE RESPONSABILIDADE LIMITADA,2026-06-30,66.9,001,FIDC3,CTR000809|001
CTR000827,1,FACIO 3 FUNDO DE INVESTIMENTO EM DIREITOS CREDITÓRIOS FINANCEIROS DE RESPONSABILIDADE LIMITADA,2026-06-30,136.9,001,FIDC3,CTR000827|001
CTR000828,1,FACIO 3 FUNDO DE INVESTIMENTO EM DIREITOS CREDITÓRIOS FINANCEIROS DE RESPONSABILIDADE LIMITADA,2026-06-30,66.9,001,FIDC3,CTR000828|001
CTR000829,1,FACIO 4 FUNDO DE INVESTIMENTO EM DIREITOS CREDITÓRIOS FINANCEIROS DE RESPONSABILIDADE LIMITADA,2026-06-30,326.9,001,FIDC4,CTR000829|001
CTR000831,1,FACIO 4 FUNDO DE INVESTIMENTO EM DIREITOS CREDITÓRIOS FINANCEIROS DE RESPONSABILIDADE LIMITADA,2026-06-30,132.9,001,FIDC4,CTR000831|001
CTR000844,1,FACIO 3 FUNDO DE INVESTIMENTO EM DIREITOS CREDITÓRIOS FINANCEIROS DE RESPONSABILIDADE LIMITADA,2026-06-30,66.9,001,FIDC3,CTR000844|001
CTR000848,1,FACIO 4 FUNDO DE INVESTIMENTO EM DIREITOS CREDITÓRIOS FINANCEIROS DE RESPONSABILIDADE LIMITADA,2026-06-30,122.87,001,FIDC4,CTR000848|001
CTR000868,1,FACIO 3 FUNDO DE INVESTIMENTO EM DIREITOS CREDITÓRIOS FINANCEIROS DE RESPONSABILIDADE LIMITADA,2026-06-30,46.9,001,FIDC3,CTR000868|001
CTR000878,1,FACIO 3 FUNDO DE INVESTIMENTO EM DIREITOS CREDITÓRIOS FINANCEIROS DE RESPONSABILIDADE LIMITADA,2026-06-30,186.9,001,FIDC3,CTR000878|001
CTR000884,1,FACIO 4 FUNDO DE INVESTIMENTO EM DIREITOS CREDITÓRIOS FINANCEIROS DE RESPONSABILIDADE LIMITADA,2026-06-30,286.15,001,FIDC4,CTR000884|001
CTR000888,1,FACIO 4 FUNDO DE INVESTIMENTO EM DIREITOS CREDITÓRIOS FINANCEIROS DE RESPONSABILIDADE LIMITADA,2026-06-30,147.9,001,FIDC4,CTR000888|001
CTR000892,1,FACIO 4 FUNDO DE INVESTIMENTO EM DIREITOS CREDITÓRIOS FINANCEIROS DE RESPONSABILIDADE LIMITADA,2026-06-30,123.9,001,FIDC4,CTR000892|001
CTR000896,1,FACIO 4 FUNDO DE INVESTIMENTO EM DIREITOS CREDITÓRIOS FINANCEIROS DE RESPONSABILIDADE LIMITADA,2026-06-30,266.9,001,FIDC4,CTR000896|001
CTR000906,1,FACIO 4 FUNDO DE INVESTIMENTO EM DIREITOS CREDITÓRIOS FINANCEIROS DE RESPONSABILIDADE LIMITADA,2026-06-30,35.8,001,FIDC4,CTR000906|001
CTR000909,1,FACIO 4 FUNDO DE INVESTIMENTO EM DIREITOS CREDITÓRIOS FINANCEIROS DE RESPONSABILIDADE LIMITADA,2026-06-30,16.9,001,FIDC4,CTR000909|001
CTR000910,1,FACIO 4 FUNDO DE INVESTIMENTO EM DIREITOS CREDITÓRIOS FINANCEIROS DE RESPONSABILIDADE LIMITADA,2026-06-30,266.9,001,FIDC4,CTR000910|001
CTR000914,1,FACIO 4 FUNDO DE INVESTIMENTO EM DIREITOS CREDITÓRIOS FINANCEIROS DE RESPONSABILIDADE LIMITADA,2026-06-30,182.49,001,FIDC4,CTR000914|001
CTR000922,1,FACIO 3 FUNDO DE INVESTIMENTO EM DIREITOS CREDITÓRIOS FINANCEIROS DE RESPONSABILIDADE LIMITADA,2026-06-30,66.9,001,FIDC3,CTR000922|001
CTR000933,1,FACIO 3 FUNDO DE INVESTIMENTO EM DIREITOS CREDITÓRIOS FINANCEIROS DE RESPONSABILIDADE LIMITADA,2026-06-30,66.9,001,FIDC3,CTR000933|001
CTR000935,1,FACIO 3 FUNDO DE INVESTIMENTO EM DIREITOS CREDITÓRIOS FINANCEIROS DE RESPONSABILIDADE LIMITADA,2026-06-30,66.9,001,FIDC3,CTR000935|001
CTR000950,1,FACIO 4 FUNDO DE INVESTIMENTO EM DIREITOS CREDITÓRIOS FINANCEIROS DE RESPONSABILIDADE LIMITADA,2026-06-30,373.9,001,FIDC4,CTR000950|001
CTR000953,1,FACIO 3 FUNDO DE INVESTIMENTO EM DIREITOS CREDITÓRIOS FINANCEIROS DE RESPONSABILIDADE LIMITADA,2026-06-30,66.9,001,FIDC3,CTR000953|001
CTR000957,1,FACIO 4 FUNDO DE INVESTIMENTO EM DIREITOS CREDITÓRIOS FINANCEIROS DE RESPONSABILIDADE LIMITADA,2026-06-30,246.41,001,FIDC4,CTR000957|001
CTR000961,1,FACIO 4 FUNDO DE INVESTIMENTO EM DIREITOS CREDITÓRIOS FINANCEIROS DE RESPONSABILIDADE LIMITADA,2026-06-30,354.89,001,FIDC4,CTR000961|001
CTR000975,1,FACIO 3 FUNDO DE INVESTIMENTO EM DIREITOS CREDITÓRIOS FINANCEIROS DE RESPONSABILIDADE LIMITADA,2026-06-30,66.9,001,FIDC3,CTR000975|001
CTR000976,1,FACIO 3 FUNDO DE INVESTIMENTO EM DIREITOS CREDITÓRIOS FINANCEIROS DE RESPONSABILIDADE LIMITADA,2026-06-30,66.9,001,FIDC3,CTR000976|001
CTR000978,1,FACIO 4 FUNDO DE INVESTIMENTO EM DIREITOS CREDITÓRIOS FINANCEIROS DE RESPONSABILIDADE LIMITADA,2026-06-30,374.9,001,FIDC4,CTR000978|001
CTR000985,1,FACIO 4 FUNDO DE INVESTIMENTO EM DIREITOS CREDITÓRIOS FINANCEIROS DE RESPONSABILIDADE LIMITADA,2026-06-30,132.9,001,FIDC4,CTR000985|001
CTR000991,1,FACIO 4 FUNDO DE INVESTIMENTO EM DIREITOS CREDITÓRIOS FINANCEIROS DE RESPONSABILIDADE LIMITADA,2026-06-30,478.9,001,FIDC4,CTR000991|001
CTR000996,1,FACIO 4 FUNDO DE INVESTIMENTO EM DIREITOS CREDITÓRIOS FINANCEIROS DE RESPONSABILIDADE LIMITADA,2026-06-30,333.9,001,FIDC4,CTR000996|001
CTR001001,1,FACIO 4 FUNDO DE INVESTIMENTO EM DIREITOS CREDITÓRIOS FINANCEIROS DE RESPONSABILIDADE LIMITADA,2026-06-30,374.9,001,FIDC4,CTR001001|001
CTR001004,1,FACIO 3 FUNDO DE INVESTIMENTO EM DIREITOS CREDITÓRIOS FINANCEIROS DE RESPONSABILIDADE LIMITADA,2026-06-30,64.9,001,FIDC3,CTR001004|001
CTR001010,1,FACIO 3 FUNDO DE INVESTIMENTO EM DIREITOS CREDITÓRIOS FINANCEIROS DE RESPONSABILIDADE LIMITADA,2026-06-30,129.14,001,FIDC3,CTR001010|001
CTR001013,1,FACIO 3 FUNDO DE INVESTIMENTO EM DIREITOS CREDITÓRIOS FINANCEIROS DE RESPONSABILIDADE LIMITADA,2026-06-30,186.9,001,FIDC3,CTR001013|001
CTR001033,1,FACIO 3 FUNDO DE INVESTIMENTO EM DIREITOS CREDITÓRIOS FINANCEIROS DE RESPONSABILIDADE LIMITADA,2026-06-30,66.9,001,FIDC3,CTR001033|001
CTR001034,1,FACIO 4 FUNDO DE INVESTIMENTO EM DIREITOS CREDITÓRIOS FINANCEIROS DE RESPONSABILIDADE LIMITADA,2026-06-30,66.9,001,FIDC4,CTR001034|001
CTR001037,1,FACIO 3 FUNDO DE INVESTIMENTO EM DIREITOS CREDITÓRIOS FINANCEIROS DE RESPONSABILIDADE LIMITADA,2026-06-30,66.9,001,FIDC3,CTR001037|001
CTR001042,1,FACIO 4 FUNDO DE INVESTIMENTO EM DIREITOS CREDITÓRIOS FINANCEIROS DE RESPONSABILIDADE LIMITADA,2026-06-30,476.9,001,FIDC4,CTR001042|001
CTR001050,1,FACIO 4 FUNDO DE INVESTIMENTO EM DIREITOS CREDITÓRIOS FINANCEIROS DE RESPONSABILIDADE LIMITADA,2026-06-30,339.9,001,FIDC4,CTR001050|001
CTR001053,1,FACIO 3 FUNDO DE INVESTIMENTO EM DIREITOS CREDITÓRIOS FINANCEIROS DE RESPONSABILIDADE LIMITADA,2026-06-30,55.9,001,FIDC3,CTR001053|001
CTR001064,1,FACIO 3 FUNDO DE INVESTIMENTO EM DIREITOS CREDITÓRIOS FINANCEIROS DE RESPONSABILIDADE LIMITADA,2026-06-30,136.9,001,FIDC3,CTR001064|001
CTR001072,1,FACIO 3 FUNDO DE INVESTIMENTO EM DIREITOS CREDITÓRIOS FINANCEIROS DE RESPONSABILIDADE LIMITADA,2026-06-30,66.9,001,FIDC3,CTR001072|001
CTR001076,1,FACIO 3 FUNDO DE INVESTIMENTO EM DIREITOS CREDITÓRIOS FINANCEIROS DE RESPONSABILIDADE LIMITADA,2026-06-30,55.76,001,FIDC3,CTR001076|001
